attribute_name,numeric_values,from_range,increment,to_range
Color,0,0.000000000,0.000000000,0.000000000
Size,0,0.000000000,0.000000000,0.000000000
